link,link/_text,link/_source,dropdownmenu_links,dropdownmenu_links/_title,dropdownmenu_content,dropdownmenu_links/_source,dropdownmenu_links/_text,dropdownmenu_image,dropdownmenu_image/_source,link/_title,image,image/_source,image/_alt
http://mumbailocaltraintimetable.net/default.aspx,Home,default.aspx,,,,,,,,,,,
,,,http://mumbailocaltraintimetable.net/Mumbai-Metro-Rail.aspx; http://mumbailocaltraintimetable.net/Mumbai-Monorail.aspx; http://mumbailocaltraintimetable.net/Central_Railway_Time_Table.aspx; http://mumbailocaltraintimetable.net/Western_Railway_Time_Table.aspx; http://mumbailocaltraintimetable.net/Harbour_Line_TimeTable.aspx; http://mumbailocaltraintimetable.net/Thane_Vashi_CBD_Belapur_Panvel_Line_TimeTable.aspx; http://mumbailocaltraintimetable.net/DirectTrainFromPanvelToAndheri.aspx; http://mumbailocaltraintimetable.net/DirectTrainFromAndheriToPanvel.aspx,Mumbai Metro Rail TimeTable; Mumbai Monorail TimeTable; Central Railway TimeTable; Western Railway TimeTable; Harbour Line TimeTable; Thane-Vashi-Panvel Line TimeTable; Direct Trains From Panvel To Andheri; Direct Trains From Andheri To Panvel,Metro Rail TimeTable Monorail TimeTable Central Railway Time Table Western Railway Time Table Harbour Line Time Table Thane-Vashi-Nerul-Panvel Line Time Table ** Direct Trains From Panvel To Andheri ** ** Direct Trains From Andheri To Panvel **,Mumbai-Metro-Rail.aspx; Mumbai-Monorail.aspx; Central_Railway_Time_Table.aspx; Western_Railway_Time_Table.aspx; Harbour_Line_TimeTable.aspx; Thane_Vashi_CBD_Belapur_Panvel_Line_TimeTable.aspx; DirectTrainFromPanvelToAndheri.aspx; DirectTrainFromAndheriToPanvel.aspx,Metro Rail TimeTable; Monorail TimeTable; Central Railway Time Table; Western Railway Time Table; Harbour Line Time Table; Thane-Vashi-Nerul-Panvel Line Time Table; ** Direct Trains From Panvel To Andheri **; ** Direct Trains From Andheri To Panvel **,,,,,,
http://mumbailocaltraintimetable.net/#,BUS,#,http://mumbailocaltraintimetable.net/Best-Bus-Routes.aspx; http://mumbailocaltraintimetable.net/Mumbai-Best-Bus-Routes.aspx; http://mumbailocaltraintimetable.net/List-Of-Bus-Stops.aspx,,BEST Bus Routes (ADVANCED) BEST Bus Routes List of Bus Stops,Best-Bus-Routes.aspx; Mumbai-Best-Bus-Routes.aspx; List-Of-Bus-Stops.aspx,BEST Bus Routes (ADVANCED); BEST Bus Routes; List of Bus Stops,http://mumbailocaltraintimetable.net/Images/blink.gif,Images/blink.gif,,,,
http://mumbailocaltraintimetable.net/#,Fares,#,http://mumbailocaltraintimetable.net/Local_Train_Fare.aspx; http://mumbailocaltraintimetable.net/Local-Train-Fare-Chart.aspx; http://mumbailocaltraintimetable.net/Car_Rental_Mumbai.aspx; http://mumbailocaltraintimetable.net/MumbaiTaxiFareCard.aspx; http://mumbailocaltraintimetable.net/Mumbai_Auto_RickShaw_Fare_Card.aspx,"; ; Cab Taxi Information, Booking Information, Pune, Mumbai; Mumbai and Pune Taxi; AutoRickshaw Fare Chart",Local Train Fare Local Train Fare Chart Car Rental Mumbai Mumbai/Pune Taxi Fare Card Auto Rickshaw Fare Card,Local_Train_Fare.aspx; Local-Train-Fare-Chart.aspx; Car_Rental_Mumbai.aspx; MumbaiTaxiFareCard.aspx; Mumbai_Auto_RickShaw_Fare_Card.aspx,Local Train Fare; Local Train Fare Chart; Car Rental Mumbai; Mumbai/Pune Taxi Fare Card; Auto Rickshaw Fare Card,,,,,,
http://mumbailocaltraintimetable.net/#,Maps,#,http://mumbailocaltraintimetable.net/Mumbai_Railway_Map.aspx; http://mumbailocaltraintimetable.net/Mumbai-Monorail.aspx,,Mumbai Railway Map Mumbai Monorail Map,Mumbai_Railway_Map.aspx; Mumbai-Monorail.aspx,Mumbai Railway Map; Mumbai Monorail Map,,,,,,
http://mumbailocaltraintimetable.net/#,Virar/Dahanu,#,http://mumbailocaltraintimetable.net/Virar-To-Dahanu-Trains.aspx; http://mumbailocaltraintimetable.net/Dahanu-To-Virar-Trains.aspx,"Virar to Dahanu 2014, Virar to Dahanu Trains, Trains for Virar to Dahanu, Virar to Dahanu Local Train Timetable,Vaitarna,Saphale,Kelve Rd,Palghar,Umroli,Boisar,Vangaon,Dahanu,Boriwali,Borivali,Andheri,Dadar,Churchgate,Mumbai CST,Bandra; Dahanu to Virar, Dahanu  to Virar Trains, Trains for Dahanu  to Virar, Dahanu  to Virar Local Train Timetable, Local Train Time table,Vaitarna,Saphale,Kelve Rd,Palghar,Umroli,Boisar,Vangaon,Dahanu,Boriwali,Borivali,Andheri,Dadar,Churchgate,Mumbai CST,Bandra, 2014",Virar to Dahanu Dahanu to Virar,Virar-To-Dahanu-Trains.aspx; Dahanu-To-Virar-Trains.aspx,Virar to Dahanu; Dahanu to Virar,,,,,,
http://mumbailocaltraintimetable.net/#,Pune,#,http://mumbailocaltraintimetable.net/Mumbai-To-Pune-Trains.aspx; http://mumbailocaltraintimetable.net/Pune-To-Mumbai-Trains.aspx,"Mumbai To Pune Trains, Mumbai To Pune Train Time Table, Mumbai to Lonavala, Pune to Lonavala, Mumbai to pune local train timings 2014; Mumbai To Pune Trains, Mumbai To Pune Train Time Table, Mumbai to Lonavala, Pune to Lonavala, Mumbai to pune local train timings 2014",Mumbai to Pune Trains Pune to Mumbai Trains,Mumbai-To-Pune-Trains.aspx; Pune-To-Mumbai-Trains.aspx,Mumbai to Pune Trains; Pune to Mumbai Trains,,,,,,
http://mumbailocaltraintimetable.net/Neral_to_Matheran.aspx,Matheran,Neral_to_Matheran.aspx,,,,,,,,"Neral To Matheran, Neral To Matheran Train TimeTable, Matheran from Mumbai, Mumbai to Matheran Train Timings, Matheran Toy Train, Toy Train Booking for Matheran",,,
http://mumbailocaltraintimetable.net/Surat.aspx,Surat,Surat.aspx,,,,,,,,"Surat Railway, Train TimeTable",,,
http://mumbailocaltraintimetable.net/Konkan-Railway_time_Table.aspx,Konkan,Konkan-Railway_time_Table.aspx,,,,,,,,"konkan railway,time table,map,2016",,,
http://mobilenumbertrackr.com,Mobile Number Tracker,,,,,,,,,Click here to trace your Mobile,http://mumbailocaltraintimetable.net/Images/blink.gif,Images/blink.gif,Mobile Number Tracker
